{
    "best_epoch": 15,
    "current_epoch": 15,
    "best_val_acc": 0.6331742116146617,
    "val_loss": 0.36682578590181136,
    "train_acc": 0.6043462298810482,
    "train_loss": 0.39565376918762923
}